{
  "mean_diff": {
    "accuracy": 0.5319148936170213,
    "correct": 100,
    "total": 188,
    "sign_flipped": false,
    "pos_mean": 2171.755615234375,
    "neg_mean": 1409.8436279296875
  },
  "probe": {
    "accuracy": 0.8829787234042553,
    "correct": 166,
    "total": 188,
    "sign_flipped": false,
    "pos_mean": 7.761500835418701,
    "neg_mean": -3.2233006954193115
  }
}