{
  "inst_to_inst": {
    "mean_diff": [
      52.63157894736842,
      47.368421052631575,
      50.0,
      50.0,
      60.526315789473685,
      52.63157894736842,
      47.368421052631575,
      52.63157894736842,
      50.0,
      52.63157894736842,
      52.63157894736842,
      52.63157894736842,
      52.63157894736842,
      52.63157894736842,
      52.63157894736842,
      52.63157894736842,
      52.63157894736842,
      52.63157894736842,
      52.63157894736842,
      52.63157894736842,
      52.63157894736842,
      52.63157894736842,
      52.63157894736842,
      52.63157894736842,
      52.63157894736842,
      52.63157894736842
    ],
    "probe": [
      65.78947368421053,
      65.78947368421053,
      68.42105263157895,
      65.78947368421053,
      65.78947368421053,
      68.42105263157895,
      63.1578947368421,
      65.78947368421053,
      65.78947368421053,
      68.42105263157895,
      68.42105263157895,
      68.42105263157895,
      68.42105263157895,
      71.05263157894737,
      71.05263157894737,
      71.05263157894737,
      71.05263157894737,
      71.05263157894737,
      71.05263157894737,
      71.05263157894737,
      71.05263157894737,
      71.05263157894737,
      71.05263157894737,
      71.05263157894737,
      71.05263157894737,
      68.42105263157895
    ],
    "gradient": [
      52.63157894736842,
      52.63157894736842,
      50.0,
      47.368421052631575,
      65.78947368421053,
      50.0,
      55.26315789473685,
      57.89473684210527,
      60.526315789473685,
      71.05263157894737,
      50.0,
      52.63157894736842,
      52.63157894736842,
      52.63157894736842,
      68.42105263157895,
      52.63157894736842,
      63.1578947368421,
      55.26315789473685,
      63.1578947368421,
      55.26315789473685,
      52.63157894736842,
      55.26315789473685,
      81.57894736842105,
      60.526315789473685,
      52.63157894736842,
      57.89473684210527
    ],
    "ica": [
      50.0,
      57.89473684210527,
      39.473684210526315,
      60.526315789473685,
      50.0,
      47.368421052631575,
      50.0,
      57.89473684210527,
      55.26315789473685,
      50.0,
      52.63157894736842,
      57.89473684210527,
      50.0,
      47.368421052631575,
      52.63157894736842,
      52.63157894736842,
      44.73684210526316,
      60.526315789473685,
      55.26315789473685,
      50.0,
      52.63157894736842,
      55.26315789473685,
      52.63157894736842,
      60.526315789473685,
      50.0,
      65.78947368421053
    ]
  },
  "inst_to_nat": {
    "mean_diff": [
      61.19402985074627,
      72.636815920398,
      83.08457711442786,
      90.54726368159204,
      74.12935323383084,
      87.06467661691542,
      87.56218905472637,
      85.57213930348259,
      91.04477611940298,
      90.54726368159204,
      83.5820895522388,
      90.04975124378109,
      87.56218905472637,
      87.56218905472637,
      73.6318407960199,
      81.09452736318407,
      65.67164179104478,
      84.07960199004975,
      82.58706467661692,
      78.1094527363184,
      78.1094527363184,
      77.61194029850746,
      85.07462686567165,
      79.60199004975125,
      52.736318407960205,
      49.75124378109453
    ],
    "probe": [
      100.0,
      100.0,
      100.0,
      100.0,
      100.0,
      100.0,
      100.0,
      100.0,
      100.0,
      100.0,
      100.0,
      100.0,
      100.0,
      100.0,
      100.0,
      100.0,
      100.0,
      100.0,
      100.0,
      100.0,
      100.0,
      100.0,
      100.0,
      100.0,
      100.0,
      100.0
    ],
    "gradient": [
      83.08457711442786,
      72.636815920398,
      91.54228855721394,
      93.03482587064677,
      86.56716417910447,
      92.53731343283582,
      89.55223880597015,
      95.52238805970148,
      95.02487562189054,
      92.03980099502488,
      93.53233830845771,
      88.55721393034825,
      74.12935323383084,
      84.07960199004975,
      96.01990049751244,
      75.62189054726367,
      95.52238805970148,
      93.03482587064677,
      94.5273631840796,
      93.53233830845771,
      91.54228855721394,
      93.53233830845771,
      95.02487562189054,
      94.02985074626866,
      84.07960199004975,
      81.09452736318407
    ],
    "ica": [
      56.21890547263681,
      51.741293532338304,
      52.736318407960205,
      57.711442786069654,
      50.24875621890548,
      52.23880597014925,
      60.19900497512438,
      59.20398009950249,
      56.71641791044776,
      49.75124378109453,
      49.75124378109453,
      59.20398009950249,
      51.741293532338304,
      50.24875621890548,
      49.75124378109453,
      53.73134328358209,
      49.75124378109453,
      51.243781094527364,
      57.2139303482587,
      50.74626865671642,
      49.75124378109453,
      49.75124378109453,
      57.711442786069654,
      54.72636815920397,
      62.189054726368155,
      77.11442786069652
    ]
  },
  "nat_to_nat": {
    "mean_diff": [
      56.09756097560976,
      63.41463414634146,
      70.73170731707317,
      85.36585365853658,
      78.04878048780488,
      78.04878048780488,
      78.04878048780488,
      73.17073170731707,
      85.36585365853658,
      82.92682926829268,
      68.29268292682927,
      82.92682926829268,
      78.04878048780488,
      80.48780487804879,
      63.41463414634146,
      65.85365853658537,
      58.536585365853654,
      68.29268292682927,
      68.29268292682927,
      65.85365853658537,
      63.41463414634146,
      63.41463414634146,
      75.60975609756098,
      68.29268292682927,
      51.21951219512195,
      48.78048780487805
    ],
    "probe": [
      100.0,
      100.0,
      100.0,
      100.0,
      100.0,
      100.0,
      100.0,
      100.0,
      100.0,
      100.0,
      100.0,
      100.0,
      100.0,
      100.0,
      100.0,
      100.0,
      100.0,
      100.0,
      100.0,
      100.0,
      100.0,
      100.0,
      100.0,
      100.0,
      100.0,
      100.0
    ],
    "gradient": [
      68.29268292682927,
      65.85365853658537,
      87.8048780487805,
      92.6829268292683,
      87.8048780487805,
      90.2439024390244,
      95.1219512195122,
      95.1219512195122,
      97.5609756097561,
      97.5609756097561,
      87.8048780487805,
      78.04878048780488,
      63.41463414634146,
      73.17073170731707,
      100.0,
      63.41463414634146,
      100.0,
      85.36585365853658,
      95.1219512195122,
      90.2439024390244,
      82.92682926829268,
      92.6829268292683,
      100.0,
      87.8048780487805,
      70.73170731707317,
      68.29268292682927
    ],
    "ica": [
      53.65853658536586,
      48.78048780487805,
      56.09756097560976,
      51.21951219512195,
      51.21951219512195,
      43.90243902439025,
      58.536585365853654,
      68.29268292682927,
      60.97560975609756,
      48.78048780487805,
      48.78048780487805,
      65.85365853658537,
      60.97560975609756,
      48.78048780487805,
      48.78048780487805,
      58.536585365853654,
      48.78048780487805,
      53.65853658536586,
      60.97560975609756,
      65.85365853658537,
      48.78048780487805,
      48.78048780487805,
      56.09756097560976,
      48.78048780487805,
      65.85365853658537,
      75.60975609756098
    ]
  },